epoch,time,train/box_loss,train/seg_loss,train/cls_loss,train/dfl_loss,metrics/precision(B),metrics/recall(B),metrics/mAP50(B),metrics/mAP50-95(B),metrics/precision(M),metrics/recall(M),metrics/mAP50(M),metrics/mAP50-95(M),val/box_loss,val/seg_loss,val/cls_loss,val/dfl_loss,lr/pg0,lr/pg1,lr/pg2
1,7.75225,2.38413,2.64821,61.6539,2.14233,0.01521,0.02778,0.00219,0.00046,0,0,0,0,2.45715,2.15141,10.4444,2.37322,0.00034,0.00034,0.00034
2,13.8619,2.33028,1.67975,53.7093,2.04835,0.00056,0.02778,0.00029,0.00012,0,0,0,0,2.57074,2.11291,11.9046,2.39722,0.000694225,0.000694225,0.000694225
3,19.5411,1.99083,1.47333,59.654,1.73382,0.00056,0.02778,0.00029,0.00012,0,0,0,0,2.57074,2.11291,11.9046,2.39722,0.00104251,0.00104251,0.00104251
4,25.9638,2.49282,2.00428,44.7965,2.14269,0.01089,0.02778,0.00142,0.00058,0,0,0,0,3.64574,2.1364,46.0488,3.20048,0.00138485,0.00138485,0.00138485
5,32.0749,2.29363,1.35469,42.2254,1.97651,0.01089,0.02778,0.00142,0.00058,0,0,0,0,3.64574,2.1364,46.0488,3.20048,0.00172126,0.00172126,0.00172126
6,37.9345,2.58173,1.51598,40.7854,2.20575,0.01089,0.02778,0.00142,0.00058,0,0,0,0,3.64574,2.1364,46.0488,3.20048,0.0019175,0.0019175,0.0019175
7,43.8656,2.65205,1.50243,35.8804,2.269,0.00562,0.08333,0.00166,0.00039,0,0,0,0,4.12721,22.8161,428.001,38.3834,0.001901,0.001901,0.001901
8,49.7479,2.47793,1.76703,35.8243,2.08336,0.00562,0.08333,0.00166,0.00039,0,0,0,0,4.12721,22.8161,428.001,38.3834,0.0018845,0.0018845,0.0018845
9,55.837,2.50347,1.58207,35.8748,2.18216,0.00562,0.08333,0.00166,0.00039,0,0,0,0,4.12721,22.8161,428.001,38.3834,0.001868,0.001868,0.001868
10,61.903,2.79702,1.68288,30.4895,2.42114,0.00562,0.08333,0.00166,0.00039,0,0,0,0,4.12721,22.8161,428.001,38.3834,0.0018515,0.0018515,0.0018515
11,68.894,2.89285,1.55005,24.5428,2.41237,0.00078,0.02778,0.00032,3e-05,0,0,0,0,4.48392,9.85846,306.614,29.238,0.001835,0.001835,0.001835
12,75.0186,2.57068,1.24932,21.473,2.22131,0.00078,0.02778,0.00032,3e-05,0,0,0,0,4.48392,9.85846,306.614,29.238,0.0018185,0.0018185,0.0018185
13,81.2835,2.82965,1.1902,18.7125,2.36795,0.00078,0.02778,0.00032,3e-05,0,0,0,0,4.48392,9.85846,306.614,29.238,0.001802,0.001802,0.001802
14,88.0338,2.61515,1.26378,21.6365,2.23219,0,0,0,0,0,0,0,0,4.68585,254.101,25056.8,383.979,0.0017855,0.0017855,0.0017855
15,94.362,2.81581,1.66517,15.0474,2.41751,0,0,0,0,0,0,0,0,4.68585,254.101,25056.8,383.979,0.001769,0.001769,0.001769
16,100.685,2.54265,1.49488,15.956,2.30862,0,0,0,0,0,0,0,0,4.68585,254.101,25056.8,383.979,0.0017525,0.0017525,0.0017525
17,107.035,2.55497,1.42513,14.633,2.28669,0,0,0,0,0,0,0,0,4.68585,254.101,25056.8,383.979,0.001736,0.001736,0.001736
18,113.729,2.5344,1.44942,12.2864,2.1348,0,0,0,0,0,0,0,0,4.79088,1123.54,6773.41,1265.93,0.0017195,0.0017195,0.0017195
19,119.728,2.49277,1.62923,10.8543,2.14601,0,0,0,0,0,0,0,0,4.79088,1123.54,6773.41,1265.93,0.001703,0.001703,0.001703
20,125.931,2.45888,1.34908,11.8711,2.04059,0,0,0,0,0,0,0,0,4.79088,1123.54,6773.41,1265.93,0.0016865,0.0016865,0.0016865
21,131.818,2.65821,2.15769,9.80328,2.26372,0,0,0,0,0,0,0,0,4.79088,1123.54,6773.41,1265.93,0.00167,0.00167,0.00167
22,138.122,2.38179,1.17582,7.6822,2.10813,0,0,0,0,0,0,0,0,4.97286,566.468,20108.5,176.265,0.0016535,0.0016535,0.0016535
23,144.36,2.7263,1.23746,7.11478,2.29621,0,0,0,0,0,0,0,0,4.97286,566.468,20108.5,176.265,0.001637,0.001637,0.001637
24,150.147,2.41633,1.1207,7.55198,2.13253,0,0,0,0,0,0,0,0,4.97286,566.468,20108.5,176.265,0.0016205,0.0016205,0.0016205
25,156.462,2.42086,1.18651,6.89691,2.16223,0,0,0,0,0,0,0,0,4.40845,110.752,9130.68,67.2059,0.001604,0.001604,0.001604
26,162.324,2.3678,1.07809,5.48432,2.2024,0,0,0,0,0,0,0,0,4.40845,110.752,9130.68,67.2059,0.0015875,0.0015875,0.0015875
27,168.71,2.50852,1.02651,5.58336,2.27184,0,0,0,0,0,0,0,0,4.40845,110.752,9130.68,67.2059,0.001571,0.001571,0.001571
28,175.087,2.69631,1.15967,5.51521,2.32408,0,0,0,0,0,0,0,0,4.40845,110.752,9130.68,67.2059,0.0015545,0.0015545,0.0015545
29,182.567,2.35111,1.55249,5.16001,2.19687,0.00056,0.02778,0.00029,6e-05,0,0,0,0,3.68362,2.2224,142.326,4.75397,0.001538,0.001538,0.001538
30,188.774,2.32958,1.80225,4.88365,2.05107,0.00056,0.02778,0.00029,6e-05,0,0,0,0,3.68362,2.2224,142.326,4.75397,0.0015215,0.0015215,0.0015215
31,195.12,2.47376,1.61439,4.97617,2.23022,0.00056,0.02778,0.00029,6e-05,0,0,0,0,3.68362,2.2224,142.326,4.75397,0.001505,0.001505,0.001505
32,202.12,2.23881,1.2978,4.65767,2.11812,0.03917,0.02778,0.00176,0.00018,0,0,0,0,4.38082,10.938,6.11902,10.3957,0.0014885,0.0014885,0.0014885
33,208.619,2.49043,1.28992,4.42901,2.2519,0.03917,0.02778,0.00176,0.00018,0,0,0,0,4.38082,10.938,6.11902,10.3957,0.001472,0.001472,0.001472
34,215.64,2.36921,1.23935,4.4564,2.20635,0.03917,0.02778,0.00176,0.00018,0,0,0,0,4.38082,10.938,6.11902,10.3957,0.0014555,0.0014555,0.0014555
